<profile version="1.0">
  <option name="myName" value="Default" />
  <inspection_tool class="PyPackageRequirementsInspection" enabled="true" level="WARNING" enabled_by_default="true">
    <option name="ignoredPackages">
      <value>
        <list size="4">
          <item index="0" class="java.lang.String" itemvalue="autopep8" />
          <item index="1" class="java.lang.String" itemvalue="twine" />
          <item index="2" class="java.lang.String" itemvalue="rf-ocr" />
          <item index="3" class="java.lang.String" itemvalue="pytest" />
        </list>
      </value>
    </option>
  </inspection_tool>
  <inspection_tool class="PyStubPackagesAdvertiser" enabled="true" level="WARNING" enabled_by_default="true">
    <option name="ignoredPackages">
      <list>
        <option value="docutils-stubs==0.0.21" />
      </list>
    </option>
  </inspection_tool>
  <inspection_tool class="PyUnresolvedReferencesInspection" enabled="true" level="WARNING" enabled_by_default="true">
    <option name="ignoredIdentifiers">
      <list>
        <option value="INITIALIZED" />
      </list>
    </option>
  </inspection_tool>
</profile>