<keymap version="1" name="KDE copy Proper Redo" parent="Default for KDE">
  <action id="$Redo">
    <keyboard-shortcut first-keystroke="shift ctrl z" />
    <keyboard-shortcut first-keystroke="shift alt back_space" />
    <keyboard-shortcut first-keystroke="ctrl y" />
  </action>
  <action id="EditorDeleteLine" />
  <action id="EvaluateExpression">
    <keyboard-shortcut first-keystroke="shift alt 8" />
    <keyboard-shortcut first-keystroke="alt f8" />
  </action>
  <action id="GotoDeclaration">
    <mouse-shortcut keystroke="control button1" />
  </action>
  <action id="Tool_External Tools_Black">
    <keyboard-shortcut first-keystroke="ctrl b" />
  </action>
</keymap>