<application>
  <component name="FileTypeManager" version="18">
    <ignoreFiles list="*$py.class;*.pyc;*.pyo;*.rbc;*.yarb;*~;.DS_Store;.git;.hg;.svn;CVS;__pycache__;_svn;vssver.scc;vssver2.scc;" />
    <extensionMap>
      <mapping pattern="pdf_renderer" type="AUTO_DETECTED" />
      <mapping ext="hocr" type="HTML" />
      <mapping pattern=".gitattributes" type="PLAIN_TEXT" />
      <removed_mapping ext="cfg" approved="true" type="Ini" />
      <removed_mapping ext="env" approved="true" type="Env File" />
      <removed_mapping ext="hocr" approved="true" type="PLAIN_TEXT" />
      <removed_mapping pattern=".env" approved="true" type="Env File" />
      <removed_mapping pattern=".env.*" approved="true" type="Env File" />
    </extensionMap>
  </component>
</application>